,Southeast_Peaks,Southeast_Hourly
July,,
August,0.3650991341898769,
September,0.01717059125031264,
October,0.6352243224044759,
November,0.8871958019264324,
December,0.8933602891283172,0.7182434412170989
January,0.7785068752052239,0.8232153555106972
February,0.950211339048937,0.8191632368874818
March,0.6882330468931575,
April,0.8683317552540685,0.9256138432887357
May,0.8929955386750403,0.9607605153360665
June,0.8455646890476033,0.9608244600717251
